roll_number,course_code,component_name,marks_obtained
CSE2026001,CS301,Internal,27
CSE2026001,CS301,Final,61
CSE2026002,CS301,Internal,24
CSE2026002,CS301,Final,56
CSE2026003,CS301,Internal,29
CSE2026003,CS301,Final,65
CSE2026004,CS301,Internal,18
CSE2026004,CS301,Final,42
CSE2026005,CS301,Internal,30
CSE2026005,CS301,Final,68
CSE2026006,CS301,Internal,22
CSE2026006,CS301,Final,50
CSE2026007,CS301,Internal,15
CSE2026007,CS301,Final,30
CSE2026008,CS301,Internal,28
CSE2026008,CS301,Final,62
CSE2026009,CS301,Internal,20
CSE2026009,CS301,Final,45
CSE2026010,CS301,Internal,26
CSE2026010,CS301,Final,58
CSE2026011,CS301,Internal,25
CSE2026011,CS301,Final,55
CSE2026012,CS301,Internal,12
CSE2026012,CS301,Final,28
CSE2026013,CS301,Internal,30
CSE2026013,CS301,Final,70
CSE2026014,CS301,Internal,21
CSE2026014,CS301,Final,48
CSE2026015,CS301,Internal,19
CSE2026015,CS301,Final,38
CSE2026016,CS301,Internal,27
CSE2026016,CS301,Final,60
CSE2026017,CS301,Internal,23
CSE2026017,CS301,Final,52
CSE2026018,CS301,Internal,29
CSE2026018,CS301,Final,64
CSE2026019,CS301,Internal,16
CSE2026019,CS301,Final,35
CSE2026020,CS301,Internal,28
CSE2026020,CS301,Final,66
